douban_film_id,title,page_number,rank_within_list
1292288,公民凯恩 Citizen Kane,1,1
1297294,迷魂记 Vertigo,1,2
1292226,2001太空漫游 2001: A Space Odyssey,1,3
1291568,东京物语 東京物語,1,4
1401261,游戏规则 La Règle du jeu,1,5
1291841,教父 The Godfather,1,6
1361276,八部半 8½,1,7
1295753,日出 Sunrise: A Song of Two Humans,1,8
1292668,搜索者 The Searchers,1,9
1295399,七武士 七人の侍,1,10
1293460,雨中曲 Singin' in the Rain,1,11
1868933,"让娜·迪尔曼 Jeanne Dielman, 23 Quai du Commerce, 1080 Bruxelles",1,12
1292260,现代启示录 Apocalypse Now,1,13
1295873,偷自行车的人 Ladri di biciclette,1,14
1292222,出租车司机 Taxi Driver,1,15
1294438,假面 Persona,1,16
1291557,花样年华 花樣年華,1,17
1353745,精疲力尽 À bout de souffle,1,18
1293783,圣女贞德蒙难记 La Passion de Jeanne d'Arc,1,19
1299433,亚特兰大号 L'Atalante,1,20
1293492,战舰波将金号 Броненосец Потёмкин,1,21
1293199,持摄影机的人 Человек с Киноаппаратом,1,22
1299248,镜子 Зеркало,1,23
1291879,罗生门 羅生門,1,24
1293908,城市之光 City Lights,1,25
1293181,惊魂记 Psycho,2,26
1300056,四百击 Les quatre cents coups,2,27
1298248,安德烈·卢布廖夫 Андрей Рублёв,2,28
1401619,驴子巴特萨 Au hasard Balthazar,2,29
1292217,穆赫兰道 Mulholland Dr.,2,30
1292574,热情如火 Some Like It Hot,2,31
1303566,词语 Ordet,2,32
1299131,教父2 The Godfather: Part II,2,33
1293271,甜蜜的生活 La dolce vita,2,34
1293155,愤怒的公牛 Raging Bull,2,35
1293582,猎人之夜 The Night of the Hunter,2,36
1389923,奇遇 L'avventura,2,37
1296753,卡萨布兰卡 Casablanca,2,38
1291839,银翼杀手 Blade Runner,2,39
1299080,后窗 Rear Window,2,40
1294756,历劫佳人 Touch of Evil,2,41
1303543,玩乐时间 Play Time,2,42
1298733,日落大道 Sunset Blvd.,2,43
1292472,巴里·林登 Barry Lyndon,2,44
1303555,蔑视 Le mépris,2,45
1306019,大地之歌 পথের পাঁচালী,2,46
1303521,特写 کلوزآپ,2,47
1295656,潜行者 Сталкер,2,48
1292349,阿拉伯的劳伦斯 Lawrence of Arabia,2,49
1292778,将军号 The General,2,50
1294371,摩登时代 Modern Times,3,51
1306791,军中禁恋 Beau travail,3,52
1394218,桃色公寓 The Apartment,3,53
1295451,第三人 The Third Man,3,54
1293381,M就是凶手 M - Eine Stadt sucht einen Mörder,3,55
1307265,晚春 晩春,3,56
1295872,西北偏北 North by Northwest,3,57
1303577,雨月物语 雨月物語,3,58
1419005,阿尔及尔之战 La battaglia di Algeri,3,59
1292268,好家伙 GoodFellas,3,60
1294808,大幻影 La grande illusion,3,61
1293071,野草莓 Smultronstället,3,62
1298497,赤胆屠龙 Rio Bravo,3,63
1292784,芬妮与亚历山大 Fanny och Alexander,3,64
1303328,浩劫 Shoah,3,65
1322848,奇爱博士 Dr. Strangelove or: How I Learned to Stop Worrying and Love the Bomb,3,66
1293394,西部往事 C'era una volta il West,3,67
1292533,狂人皮埃罗 Pierrot le fou,3,68
1303576,游览意大利 Viaggio in Italia,3,69
1293889,唐人街 Chinatown,3,70
1293958,为所应为 Do the Right Thing,3,71
1298107,大都会 Metropolis,3,72
1293525,醉酒的女人 A Woman Under the Influence,3,73
1292719,大路 La strada,3,74
1293146,豹 Il gattopardo,3,75
1300375,天堂的孩子 Les enfants du paradis,4,76
1298672,阿玛柯德 Amarcord,4,77
1291832,低俗小说 Pulp Fiction,4,78
1296963,日落黄沙 The Wild Bunch,4,79
1303557,维莉蒂安娜 Viridiana,4,80
1303562,死囚越狱 Un Condamné à mort s'est échappé,4,81
1293749,生活多美好 It's a Wonderful Life,4,82
1295134,双虎屠龙 The Man Who Shot Liberty Valance,4,83
1293234,第七封印 Det sjunde inseglet,4,84
1303573,山椒大夫,4,85
1292225,闪灵 The Shining,4,86
1300955,同流者 Il conformista,4,87
1303559,扒手 Pickpocket,4,88
1299214,伟大的安巴逊 The Magnificent Ambersons,4,89
1298697,蓝丝绒 Blue Velvet,4,90
1294941,大白鲨 Jaws,4,91
1293037,纳什维尔 Nashville,4,92
1298817,淘金记 The Gold Rush,4,93
1420116,葛楚 Gertrud,4,94
1306626,堤 La jetée,4,95
1401901,日月无光 Sans soleil,4,96
1294565,五至七时的克莱奥 Cléo de 5 à 7,4,97
1303418,你逃我也逃 To Be or Not to Be,4,98
1292338,祖与占 Jules et Jim,4,99
1437390,午后的迷惘 Meshes of the Afternoon,4,100
1295252,母亲与娼妓 La Maman et la Putain,5,101
1422088,撒旦探戈 Sátántangó,5,102
1303408,福尔摩斯二世 Sherlock Jr.,5,103
1301122,伯爵夫人的耳环 Madame de...,5,104
1292233,发条橙 A Clockwork Orange,5,105
1293847,生之欲 生きる,5,106
1294092,恐惧吞噬灵魂 Angst essen Seele auf,5,107
1306002,"阿基尔，上帝的愤怒 Aguirre, der Zorn Gottes",5,108
1296987,安妮·霍尔 Annie Hall,5,109
1422186,自己去看 Иди и смотри,5,110
1400240,去年在马里昂巴德 L'année dernière à Marienbad,5,111
1401900,蜂巢幽灵 El espíritu de la colmena,5,112
1292262,美国往事 Once Upon a Time in America,5,113
1301923,贪婪 Greed,5,114
1293818,钢琴课 The Piano,5,115
1292329,牯岭街少年杀人事件 牯嶺街少年殺人事件,5,116
1292625,绿野仙踪 The Wizard of Oz,5,117
1292434,一一,5,118
1302294,威尼斯疑魂 Don't Look Now,5,119
1302050,广岛之恋 Hiroshima mon amour,5,120
1299204,红菱艳 The Red Shoes,5,121
1310176,放大 Blow-Up,5,122
1297657,育婴奇谭 Bringing Up Baby,5,123
1293105,蚀 L'eclisse,5,124
1295287,党同伐异 Intolerance: Love's Struggle Throughout the Ages,5,125
1401585,乡间一日 Une Partie de Campagne,6,126
1300766,美人计 Notorious,6,127
1300868,异形 Alien,6,128
1296757,随心所欲 Vivre sa vie: Film en douze tableaux,6,129
1297228,一封陌生女子的来信 Letter from an Unknown Woman,6,130
1299411,平步青云 A Matter of Life and Death,6,131
1294638,E.T.外星人 E.T. the Extra-Terrestrial,6,132
1303556,泯灭天使 El ángel exterminador,6,133
1401385,彗星美人 All About Eve,6,134
1303579,被遗忘的人们 Los Olvidados,6,135
1294625,春风秋雨 Imitation of Life,6,136
1291561,千与千寻 千と千尋の神隠し,6,137
1439723,电影史-1A 所有的历史 Histoire(s) du cinéma: Toutes les histoires,6,138
1299733,侠骨柔情 My Darling Clementine,6,139
1300267,乱世佳人 Gone with the Wind,6,140
1299231,女友礼拜五 His Girl Friday,6,141
1296669,"罗马，不设防的城市 Roma, città aperta",6,142
1418141,塞琳和朱莉出航记 Céline et Julie vont en bateau,6,143
1299775,马太福音 Il vangelo secondo Matteo,6,144
1296500,雏菊 Sedmikrásky,6,145
1296791,"诺斯费拉图 Nosferatu, eine Symphonie des Grauens",6,146
1292224,飞越疯人院 One Flew Over the Cuckoo's Nest,6,147
1301646,瑟堡的雨伞 Les parapluies de Cherbourg,6,148
1303494,杀羊人 Killer of Sheep,6,149
1296908,窃听大阴谋 The Conversation,6,150
1855338,旺达 Wanda,7,151
1293838,星球大战 Star Wars,7,152
1945780,血色将至 There Will Be Blood,7,153
1401118,"黄金三镖客 Il buono, il brutto, il cattivo",7,154
1298962,一条安达鲁狗 Un chien andalou,7,155
1303536,钱 L'argent,7,156
1293232,天堂之日 Days of Heaven,7,157
1294746,天堂里的烦恼 Trouble in Paradise,7,158
1291999,重庆森林 重慶森林,7,159
1296147,呼喊与细语 Viskningar och rop,7,160
1291560,龙猫 となりのトトロ,7,161
1294300,曼哈顿 Manhattan,7,162
1293226,双重赔偿 Double Indemnity,7,163
1414808,热带疾病 สัตว์ประหลาด,7,164
1297422,穷山恶水 Badlands,7,165
1297546,过客 Professione: reporter,7,166
1293667,黄金时代 L'âge d'or,7,167
1292403,猎鹿人 The Deer Hunter,7,168
1301252,十诫 Dekalog,7,169
1300392,德州电锯杀人狂 The Texas Chain Saw Massacre,7,170
1300712,天使之翼 Only Angels Have Wings,7,171
1293852,罗斯玛丽的婴儿 Rosemary's Baby,7,172
1298134,关山飞渡 Stagecoach,7,173
1424576,土狼之旅 Touki Bouki,7,174
1298113,鸭羹 Duck Soup,7,175
1303364,资产阶级的审慎魅力 Le Charme discret de la bourgeoisie,8,176
1294364,相见恨晚 Brief Encounter,8,177
1296196,乱,8,178
1310175,群鸟 The Birds,8,179
1303542,石榴的颜色 Նռան գույնը,8,180
1474748,土地 Земля,8,181
30257175,燃烧女子的肖像 Portrait de la jeune fille en feu,8,182
1303575,荒漠怪客 Johnny Guitar,8,183
1416677,大河 The River,8,184
1302413,穆谢特 Mouchette,8,185
1422308,午夜钟声 Campanadas a medianoche,8,186
1302338,漩涡之外 Out of the Past,8,187
1401756,拿破仑 Napoléon,8,188
1361252,夜 La notte,8,189
1300749,吸血鬼 Vampyr,8,190
1294781,卡比利亚之夜 Le notti di Cabiria,8,191
1303558,洛可兄弟 Rocco e i suoi fratelli,8,192
2336735,生命之树 The Tree of Life,8,193
1292733,黑水仙 Black Narcissus,8,194
1323746,小城之春,8,195
1302061,"德州巴黎 Paris, Texas",8,196
1299257,战火 Paisà,8,197
1303415,淑女伊芙 The Lady Eve,8,198
1301279,拾穗者 Les glaneurs et la glaneuse,8,199
1296717,夺宝奇兵 Raiders of the Lost Ark,8,200
1293691,索多玛120天 Salò o le 120 giornate di Sodoma,9,201
1294194,悲情城市,9,202
1292521,码头风云 On the Waterfront,9,203
1298405,第三类接触 Close Encounters of the Third Kind,9,204
1298593,金刚 King Kong,9,205
1307639,最卑贱的人 Der letzte Mann,9,206
1292445,天涯沦落女 Sans toit ni loi,9,207
1902009,家乡的消息 News from Home,9,208
1300912,魂断威尼斯 Morte a Venezia,9,209
1295646,大独裁者 The Great Dictator,9,210
1296794,怪形 The Thing,9,211
1299816,百战将军 The Life and Death of Colonel Blimp,9,212
1292504,柏林苍穹下 Der Himmel über Berlin,9,213
1300977,飞向太空 Солярис,9,214
1296621,波长 Wavelength,9,215
26648249,月光男孩 Moonlight,9,216
1292468,破浪 Breaking the Waves,9,217
1293564,木兰花 Magnolia,9,218
1294518,操行零分 Zéro de conduite: Jeunes diables au collège,9,219
1300966,独行杀手 Le samouraï,9,220
1295757,蓬门今始为君开 The Quiet Man,9,221
1297920,小孩与鹰 Kes,9,222
1292465,愤怒的葡萄 The Grapes of Wrath,9,223
1296097,风烛泪 Umberto D.,9,224
1293823,妙想天开 Brazil,9,225
1303603,西鹤一代女 西鶴一代女,10,226
1301897,何处是我朋友的家 خانه دوست کجاست؟‎,10,227
1303416,苏利文的旅行 Sullivan's Travels,10,228
1303532,爱的激流 Love Streams,10,229
1295759,流浪艺人 Ο Θίασος,10,230
1418426,黑上帝白魔鬼 Deus E o Diabo na Terra do Sol,10,231
1293153,德意志零年 Germania anno zero,10,232
1499492,房屋是黑的 خانه سیاه است,10,233
1303174,灰烬与钻石 Popiół i diament,10,234
27010768,寄生虫 기생충,10,235
1299261,红色沙漠 Il deserto rosso,10,236
1293950,花村 McCabe & Mrs. Miller,10,237
1291843,黑客帝国 The Matrix,10,238
1294100,黄金时代 The Best Years of Our Lives,10,239
1294433,秋刀鱼之味 秋刀魚の味,10,240
1293273,群众 The Crowd,10,241
1474367,伊凡雷帝2 Иван Грозный 2: Боярский заговор,10,242
1484154,低度开发的回忆 Memorias del subdesarrollo,10,243
1294331,迷幻演出 Performance,10,244
1438066,隐藏摄像机 Caché,10,245
1293925,橡皮头 Eraserhead,10,246
1298182,伊凡雷帝 Иван Грозный,10,247
1302923,兰闺艳血 In a Lonely Place,10,248
1850003,篷车队 The Band Wagon,10,249
1300044,谋杀绿脚趾 The Big Lebowski,10,250
1295124,辛德勒的名单 Schindler's List,11,251
1292781,细细的红线 The Thin Red Line,11,252
1295445,火树银花 Meet Me in St. Louis,11,253
1308777,暖暖内含光 Eternal Sunshine of the Spotless Mind,11,254
1401618,乡村牧师日记 Journal d'un curé de campagne,11,255
1291828,天堂电影院 Nuovo Cinema Paradiso,11,256
1294039,绿光 Le rayon vert,11,257
1890283,大地的女儿 Daughters of the Dust,11,258
1485059,刽子手 El Verdugo,11,259
1292271,毕业生 The Graduate,11,260
1296577,禁忌 Tabu: A Story of the South Seas,11,261
1301649,白日美人 Belle de jour,11,262
1292547,卡里加里博士的小屋 Das Cabinet des Dr. Caligari,11,263
1300275,大开眼戒 Eyes Wide Shut,11,264
1292565,红河 Red River,11,265
1292048,蓝白红三部曲之蓝 Trois couleurs: Bleu,11,266
4280102,能召回前世的布米叔叔 ลุงบุญมีระลึกชาติ,11,267
1295686,盗火线 Heat,11,268
1298270,夜与雾 Nuit et brouillard,11,269
1293755,驱魔人 The Exorcist,11,270
1292067,冰血暴 Fargo,11,271
2060678,黑女孩 La Noire de...,11,272
1292516,碧血金沙 The Treasure of the Sierra Madre,11,273
1440610,赝品 Vérités et mensonges,11,274
1295995,仁心与冠冕 Kind Hearts and Coronets,11,275
1296177,樱桃的滋味 طعم گیلاس,12,276
1296283,慕德家一夜 Ma nuit chez Maud,12,277
1302808,成功的滋味 Sweet Smell of Success,12,278
1300555,回到未来 Back to the Future,12,279
1293329,残菊物语 殘菊物語,12,280
1299166,街角的商店 The Shop Around the Corner,12,281
1420225,沼泽 La Ciénaga,12,282
1292969,光荣之路 Paths of Glory,12,283
1304862,不散,12,284
1300613,土拨鼠之日 Groundhog Day,12,285
1294827,蜘蛛巢城 蜘蛛巣城,12,286
1305896,复仇之日 Vredens dag,12,287
1300964,我略知她一二 2 ou 3 choses que je sais d'elle,12,288
1401368,潘多拉的魔盒 Die Büchse der Pandora,12,289
1303255,上升 Восхождение,12,290
1294531,牺牲 Offret,12,291
1466419,影子部队 L'armée des ombres,12,292
1303345,深锁春光一院愁 All That Heaven Allows,12,293
1298347,印度之歌 India Song,12,294
1292047,蓝白红三部曲之红 Trois couleurs: Rouge,12,295
1291937,关于我母亲的一切 Todo sobre mi madre,12,296
1293352,夜长梦多 The Big Sleep,12,297
1296282,歌厅 Cabaret,12,298
1292679,春光乍泄 春光乍洩,12,299
1293566,不可饶恕 Unforgiven,12,300
1299330,爵士春秋 All That Jazz,13,301
1305878,"远方的声音 Distant Voices, Still Lives",13,302
1293511,穷街陋巷 Mean Streets,13,303
1298870,浮云 浮雲,13,304
1791033,痛苦的大地 Terra em Transe,13,305
1305790,于洛先生的假期 Les vacances de Monsieur Hulot,13,306
1440613,音乐室 জলসাঘর,13,307
1297874,马耳他之鹰 The Maltese Falcon,13,308
1468782,孤独的妻子 চারুলতা,13,309
1295720,大树之歌 অপুর সংসার,13,310
4086853,忧郁症 Melancholia,13,311
1292644,面孔 Faces,13,312
1292208,上帝之城 Cidade de Deus,13,313
1416898,鲸鱼马戏团 Werckmeister harmóniák,13,314
1432669,我是古巴 Я - Куба,13,315
1292735,北方的纳努克 Nanook of the North,13,316
5964718,一次别离 جدایی نادر از سیمین,13,317
1294047,凡尔杜先生 Monsieur Verdoux,13,318
1295276,录影带谋杀案 Videodrome,13,319
1437023,公路之王 Im Lauf der Zeit,13,320
1292790,感官世界 愛のコリーダ,13,321
1295942,畸形人 Freaks,13,322
1300660,柏林亚历山大广场 Berlin Alexanderplatz,13,323
1295913,美女与野兽 La belle et la bête,13,324
1292840,费城故事 The Philadelphia Story,13,325
1296528,星球大战2：帝国反击战 Star Wars: Episode V - The Empire Strikes Back,14,326
1293663,天国与地狱 天国と地獄,14,327
1293401,劳拉·蒙特斯 Lola Montès,14,328
1301648,柳媚花娇 Les Demoiselles de Rochefort,14,329
1303095,夫君 Husbands,14,330
1295943,夜夜春宵 A Canterbury Tale,14,331
1293399,莫扎特传 Amadeus,14,332
1294584,雌雄大盗 Bonnie and Clyde,14,333
1293270,寻子遇仙记 The Kid,14,334
1861216,诗人悲歌 Pyaasa,14,335
1292206,地下 Подземље,14,336
1300572,童年往事,14,337
1298420,残花泪 Broken Blossoms or The Yellow Man and the Girl,14,338
1292772,喜剧之王 The King of Comedy,14,339
1299932,恐惧的代价 Le Salaire de la peur,14,340
1297628,午夜牛郎 Midnight Cowboy,14,341
1306490,侠女 俠女,14,342
1302077,雁南飞 Летят журавли,14,343
1296338,周末 Week End,14,344
1303569,死吻 Kiss Me Deadly,14,345
1291877,两生花 La Double vie de Véronique,14,346
1295225,西区故事 West Side Story,14,347
1460605,云遮星 মেঘে ঢাকা তারা,14,348
3592854,疯狂的麦克斯4：狂暴之路 Mad Max: Fury Road,14,349
1293374,热天午后 Dog Day Afternoon,14,350
26688480,逃出绝命镇 Get Out,15,351
1297996,活死人之夜 Night of the Living Dead,15,352
1302941,戏梦人生 戲夢人生,15,353
1401598,他 El,15,354
1477852,"出局：禁止接触 Out 1, noli me tangere",15,355
1298026,最后一场电影 The Last Picture Show,15,356
1293322,青山翠谷 How Green Was My Valley,15,357
1292750,魂断情天 Some Came Running,15,358
1306266,木屐树 L'albero degli zoccoli,15,359
1295684,一夜风流 It Happened One Night,15,360
1302017,明日之歌 Make Way for Tomorrow,15,361
1300353,巴黎最后的探戈 Ultimo tango a Parigi,15,362
1401529,榅桲树阳光 El sol del membrillo,15,363
1295905,天堂之门 Heaven's Gate,15,364
1293844,莫里埃尔 Muriel ou Le temps d'un retour,15,365
1298442,艳贼 Marnie,15,366
1303465,橄榄树下的情人 زير درختان زيتون,15,367
1293544,沉默的羔羊 The Silence of the Lambs,15,368
1293320,金玉盟 An Affair to Remember,15,369
1292515,用心棒,15,370
1292812,哈洛与慕德 Harold and Maude,15,371
1297130,定理 Teorema,15,372
1299665,偷窥狂 Peeping Tom,15,373
1297105,陆上行舟 Fitzcarraldo,15,374
1303459,妖夜慌踪 Lost Highway,15,375
1303723,天堂陌影 Stranger Than Paradise,16,376
1303302,苦雨恋春风 Written on the Wind,16,377
1299360,我出生了，但…… 大人の見る絵本 生れてはみたけれど,16,378
1294382,火山边缘之恋 Stromboli,16,379
1868546,双车道柏油路 Two-lane Blacktop,16,380
2464346,白丝带 Das weiße Band – Eine deutsche Kindergeschichte,16,381
3285632,都灵之马 A torinói ló,16,382
1308422,安然无恙 Safe,16,383
1293792,异形2 Aliens,16,384
1293200,象人 The Elephant Man,16,385
1438613,谋杀地下老板 The Killing of a Chinese Bookie,16,386
1293095,摇滚万万岁 This Is Spinal Tap,16,387
1291556,乡愁 Ностальгия,16,388
3749974,皮囊之下 Under the Skin,16,389
1301655,特丽丝塔娜 Tristana,16,390
2245725,"燃火的时刻 La hora de los hornos Notas y testimonios sobre el neocolonialismo, la violencia y la liberación",16,391
1400829,我的舅舅 Mon oncle,16,392
1298759,狗镇 Dogville,16,393
1301895,奥兰多 Orlando,16,394
1292768,首演之夜 Opening Night,16,395
1925767,界限 Limite,16,396
1300323,十三个月亮 In einem Jahr mit 13 Monden,16,397
1293299,日以作夜 La nuit américaine,16,398
1303580,"圣弗朗西斯之花 Francesco, giullare di Dio",16,399
1295812,砂之女 砂の女,16,400
1300956,一九零零 Novecento,17,401
1296388,细细的蓝线 The Thin Blue Line,17,402
3047620,无头的女人 La mujer sin cabeza,17,403
1308333,我走我路 I Know Where I'm Going!,17,404
1296332,阴风阵阵 Suspiria,17,405
1292536,罪与错 Crimes and Misdemeanors,17,406
1297399,怪房客 Le locataire,17,407
1300306,一个国家的诞生 The Birth of a Nation,17,408
1436764,奥菲斯 Orphée,17,409
1297735,没有面孔的眼睛 Les yeux sans visage,17,410
1303578,米兰的奇迹 Miracolo a Milano,17,411
1291835,迷失东京 Lost in Translation,17,412
1295578,活死人黎明 Dawn of the Dead,17,413
1293715,总统班底 All the President's Men,17,414
1297756,白雪公主和七个小矮人 Snow White and the Seven Dwarfs,17,415
1294005,天涯何处觅知音 Splendor in the Grass,17,416
1310179,幻想曲 Fantasia,17,417
1297918,春闺风月 The Awful Truth,17,418
1292981,婚姻生活 Scener ur ett äktenskap,17,419
1848300,欢愉 Le plaisir,17,420
1300464,雀西女郎 Chelsea Girls,17,421
1293321,一九五一年的欧洲 Europa '51,17,422
1401612,龙头之死 Salvatore Giuliano,17,423
1302012,科学怪人的新娘 The Bride of Frankenstein,17,424
1307973,如果 If....,17,425
1483516,幸福 Le bonheur,18,426
1299236,漫长的告别 The Long Goodbye,18,427
1302606,天使与我同桌 An Angel at My Table,18,428
1297203,着魔 Possession,18,429
1925768,二十年后 Cabra Marcado Para Morrer,18,430
6875451,神圣车行 Holy Motors,18,431
1296792,冬日之光 Nattvardsgästerna,18,432
1440106,被遗忘的祖先的阴影 Тіні забутих предків,18,433
1292052,肖申克的救赎 The Shawshank Redemption,18,434
1305690,阿飞正传 阿飛正傳,18,435
1295619,一个明星的诞生 A Star Is Born,18,436
1437013,乞丐 Accattone,18,437
1299799,赌城风云 Casino,18,438
1298465,放荡的女皇 The Scarlet Empress,18,439
1297549,摄影师 The Cameraman,18,440
1297531,电视台风云 Network,18,441
1303451,海上花,18,442
1294377,大地在波动 La terra trema,18,443
1299077,赤裸裸 Naked,18,444
1296659,舞台春秋 Limelight,18,445
1294825,无辜的人 The Innocents,18,446
1307994,风 The Wind,18,447
1401616,兰基先生的罪行 Le Crime de Monsieur Lange,18,448
24872189,托尼·厄德曼 Toni Erdmann,18,449
1293074,法国康康舞 French Cancan,18,450
1421934,关于我们的爱情 À nos amours,19,451
1298202,失衡生活 Koyaanisqatsi,19,452
1294421,伊万的童年 Иваново детство,19,453
1758347,中部地区 La région centrale,19,454
1292908,家宴 Festen,19,455
1295877,二楼传来的歌声 Sånger från andra våningen,19,456
1304310,月球旅行记 Le voyage dans la lune,19,457
11538029,杀戮演绎 The Act of Killing,19,458
1298095,射杀钢琴师 Tirez sur le pianiste,19,459
1300034,德尔苏·乌扎拉 Дерсу Узала,19,460
1293318,萤火虫之墓 火垂るの墓,19,461
1297024,十月 Октябрь,19,462
1299344,巴黎在燃烧 Paris Is Burning,19,463
1432707,倾听不列颠 Listen to Britain,19,464
1302827,人工智能 A.I. Artificial Intelligence,19,465
1767042,潘神的迷宫 El laberinto del fauno,19,466
1294724,"美国哈兰县 Harlan County, U.S.A.",19,467
1292757,木偶奇遇记 Pinocchio,19,468
1303417,棕榈滩的故事 The Palm Beach Story,19,469
1829859,旺妲的房间 No Quarto da Vanda,19,470
1292211,对她说 Hable con ella,19,471
1292963,"船长二世 Steamboat Bill, Jr.",19,472
1857095,恋爱症候群 แสงศตวรรษ,19,473
2369090,浮于碧海 У самого синего моря,19,474
26809592,魅影缝匠 Phantom Thread,19,475
1292272,大象 Elephant,20,476
1298521,正午 High Noon,20,477
1303529,死者 The Dead,20,478
1294252,雾中风景 Τοπίο στην ομίχλη,20,479
1305139,原野神驹 Wagon Master,20,480
1299603,落水狗 Reservoir Dogs,20,481
1769364,无医可靠 Moartea domnului Lãzãrescu,20,482
1471815,萝拉 Lola,20,483
1291850,站台,20,484
1294477,秘密与谎言 Secrets & Lies,20,485
1292664,魔女嘉莉 Carrie,20,486
1785241,艰辛岁月 Vidas Secas,20,487
1303572,战国妖姬 Senso,20,488
1304857,我与长指甲 Withnail & I,20,489
1293323,大红灯笼高高挂,20,490
5959260,小亚细亚往事 Bir Zamanlar Anadolu'da,20,491
24719134,扎马 Zama,20,492
1293230,柏蒂娜的苦泪 Die bitteren Tränen der Petra von Kant,20,493
1292000,搏击俱乐部 Fight Club,20,494
1299517,江湖浪子 The Hustler,20,495
1303472,双峰：与火同行 Twin Peaks: Fire Walk with Me,20,496
1857099,老无所依 No Country for Old Men,20,497
1294958,桂河大桥 The Bridge on the River Kwai,20,498
1298192,五支歌 Five Easy Pieces,20,499
1299027,凶线 Blow Out,20,500
1294698,逃亡 To Have and Have Not,21,501
1292767,原野奇侠 Shane,21,502
1297991,杀死一只知更鸟 To Kill a Mockingbird,21,503
1292881,万世魔星 Life of Brian,21,504
1300522,男性，女性 Masculin féminin,21,505
1306847,乱世英豪 Marketa Lazarová,21,506
1294413,下一站，天国 ワンダフルライフ,21,507
1295211,待客之道 Our Hospitality,21,508
1297359,幽灵公主 もののけ姫,21,509
1303081,严密监视的列车 Ostře sledované vlaky,21,510
1420238,纯真时刻 نون و گلدون,21,511
1297833,银色·性·男女 Short Cuts,21,512
1438734,内陆帝国 Inland Empire,21,513
1401842,麦秋 麥秋,21,514
1308865,老男孩 올드보이,21,515
1292682,欲望号快车 Crash,21,516
1292697,虎胆龙威 Die Hard,21,517
1303471,生生长流 زندگی و دیگر هیچ,21,518
26088510,双峰 第三季 Twin Peaks Season 3,21,519
1292965,不羁夜 Boogie Nights,21,520
1301465,纯真年代 The Age of Innocence,21,521
1293297,孽扣 Dead Ringers,21,522
1296583,卡斯帕尔·豪泽尔之谜 Jeder für sich und Gott gegen alle,21,523
1294169,伊甸园之东 East of Eden,21,524
3013046,法国贩毒网 The French Connection,21,525
1303869,吸血鬼 Les Vampires,22,526
1296591,纳粹狂魔 La caduta degli dei (Götterdämmerung),22,527
1293182,十二怒汉 12 Angry Men,22,528
1293306,爱丽丝城市漫游记 Alice in den Städten,22,529
1900841,窃听风暴 Das Leben der Anderen,22,530
1305235,浮士德 Faust: Eine deutsche Volkssage,22,531
2209575,少年时代 Boyhood,22,532
1306559,大河之歌 অপরাজিত,22,533
1300299,杀人回忆 살인의 추억,22,534
1299973,亚历山大·涅夫斯基 Александр Невский,22,535
1429098,光之翼 Yeelen,22,536
1303444,随风而逝 باد ما را خواهد برد,22,537
1417428,蓝 Blue,22,538
1305883,步步惊魂 Point Blank,22,539
1297926,妮诺契卡 Ninotchka,22,540
1300820,罗塞塔 Rosetta,22,541
1296879,歌声俪影 A Night at the Opera,22,542
1300656,终结者 The Terminator,22,543
1389949,日瓦戈医生 Doctor Zhivago,22,544
4307515,故乡之光 Nostalgia de la luz,22,545
1478064,人类之子 Children of Men,22,546
1303150,阿伦人 Man of Aran,22,547
1292764,汉娜姐妹 Hannah and Her Sisters,22,548
1306449,怒火青春 La Haine,22,549
1292584,上海小姐 The Lady from Shanghai,22,550
1299539,悬崖上的野餐 Picnic at Hanging Rock,23,551
1429055,"我你他她 Je, tu, il, elle",23,552
1292223,七宗罪 Se7en,23,553
1300211,私恋失调 Punch-Drunk Love,23,554
1298505,火车怪客 Strangers on a Train,23,555
1293499,青年林肯 Young Mr. Lincoln,23,556
1294408,音乐之声 The Sound of Music,23,557
1302279,俄罗斯方舟 Русский ковчег,23,558
1297602,虎豹小霸王 Butch Cassidy and the Sundance Kid,23,559
1294782,很可能是魔鬼 Le diable probablement,23,560
2131459,机器人总动员 WALL·E,23,561
1307177,与僵尸同行 I Walked with a Zombie,23,562
1303462,离魂异客 Dead Man,23,563
1303067,影武者,23,564
1420042,默文·卡拉 Morvern Callar,23,565
4117025,当我往前走之时偶尔会瞥到一缕美丽之景 As I Was Moving Ahead Occasionally I Saw Brief Glimpses of Beauty,23,566
1401595,无粮的土地 Las Hurdes,23,567
1418834,断背山 Brokeback Mountain,23,568
1293358,爱情神话 Fellini - Satyricon,23,569
1299353,婚礼进行曲 The Wedding March,23,570
1293256,富贵逼人来 Being There,23,571
1292453,疯狂的麦克斯2 Mad Max 2,23,572
1291876,黄土地,23,573
4729942,桑比赞加 Sambizanga,23,574
1295427,蓝天使 Der blaue Engel,23,575
1441134,马布斯博士的遗嘱 Das Testament des Dr. Mabuse,24,576
6433905,大师 The Master,24,577
1303082,金发女郎的爱情 Lásky jedné plavovlásky,24,578
1297646,逍遥骑士 Easy Rider,24,579
1294072,罗拉秘史 Laura,24,580
1306489,豹族 Cat People,24,581
1293817,辣手摧花 Shadow of a Doubt,24,582
1300958,沉默 Tystnaden,24,583
1303071,朦胧的欲望 Cet obscur objet du désir,24,584
1292720,阿甘正传 Forrest Gump,24,585
1298043,巴顿·芬克 Barton Fink,24,586
1780560,来自东方 D'Est,24,587
2368557,富人，穷人 Plácido,24,588
1401588,法外之徒 Bande à part,24,589
1855271,高于生活 Bigger Than Life,24,590
1303553,仆人 The Servant,24,591
1299586,月光光心慌慌 Halloween,24,592
1292215,天使爱美丽 Le Fabuleux destin d'Amélie Poulain,24,593
1303546,路易十四的崛起 La prise de pouvoir par Louis XIV,24,594
1291571,指环王1：护戒使者 The Lord of the Rings: The Fellowship of the Ring,24,595
1292523,侏罗纪公园 Jurassic Park,24,596
1301647,冷血惊魂 Repulsion,24,597
1432639,故事中的故事 Сказка сказок,24,598
1301168,卧虎藏龙 臥虎藏龍,24,599
1297737,窈窕淑男 Tootsie,24,600
1876327,共生心理分类学：第1幕 Symbiopsychotaxiplasm: Take One,25,601
1291844,终结者2：审判日 Terminator 2: Judgment Day,25,602
1294244,绅士爱美人 Gentlemen Prefer Blondes,25,603
1419111,灰色花园 Grey Gardens,25,604
1781126,十二宫 Zodiac,25,605
1937459,前进青春 Juventude em Marcha,25,606
2042560,漫长的一天结束了 The Long Day Closes,25,607
1293484,哈泰利 Hatari!,25,608
25774676,西印度群岛 West Indies,25,609
1300352,七次机会 Seven Chances,25,610
1300055,全金属外壳 Full Metal Jacket,25,611
1302815,罗马风情画 Roma,25,612
2028819,"纽约提喻法 Synecdoche, New York",25,613
1293561,生死狂澜 Deliverance,25,614
1301798,不法之徒 Down by Law,25,615
1823255,卢丹的恶魔 The Devils,25,616
2368633,我的朋友伊万·拉布辛 Мой друг Иван Лапшин,25,617
1462674,无望的人们 Szegénylegények,25,618
1294848,天意 Providence,25,619
1291559,新桥恋人 Les amants du Pont-Neuf,25,620
1295167,影子 Shadows,25,621
1305611,异教徒 The Wicker Man,25,622
1439463,爱德华·蒙克 Edvard Munch,25,623
1298894,夜阑人未静 The Asphalt Jungle,25,624
1293599,三女性 3 Women,25,625
1302490,布杜落水遇救记 Boudu sauvé des eaux,26,626
1775245,天蝎星升起 Scorpio Rising,26,627
1401915,红圈 Le cercle rouge,26,628
1855300,锦绣华堂 The Ladies Man,26,629
1298230,粉红色的火烈鸟 Pink Flamingos,26,630
1434175,杰森的画像 Portrait of Jason,26,631
1316524,"阿尔法城 Alphaville, une étrange aventure de Lemmy Caution",26,632
1305223,别回头 Dont Look Back,26,633
1294642,黄金马车 Le carrosse d'or,26,634
1293824,蝴蝶梦 Rebecca,26,635
1301151,豺狼时刻 Vargtimmen,26,636
1300027,比利小子 Pat Garrett and Billy the Kid,26,637
1304920,切腹,26,638
1417947,金盔 Casque d'or,26,639
1306031,天才一族 The Royal Tenenbaums,26,640
1292722,泰坦尼克号 Titanic,26,641
1851857,蝙蝠侠：黑暗骑士 The Dark Knight,26,642
1304762,寻找西瓜女 The Watermelon Woman,26,643
1302642,花火 HANA-BI,26,644
1298951,夜逃鸳鸯 They Live by Night,26,645
1296929,科学怪人 Frankenstein,26,646
1295742,洛奇 Rocky,26,647
1306016,"玩家马布斯博士 Dr. Mabuse, der Spieler",26,648
1292792,我自己的爱达荷 My Own Private Idaho,26,649
1299608,疤面人 Scarface,26,650
1294041,惊天动地抢人头 Bring Me the Head of Alfredo Garcia,27,651
1302186,罢工 Стачка,27,652
1297797,篮球梦 Hoop Dreams,27,653
1303560,纳萨林 Nazarín,27,654
1322674,捕鼠者 Ratcatcher,27,655
1295835,小姐弟荒原历险 Walkabout,27,656
1293840,满洲候选人 The Manchurian Candidate,27,657
1300779,浪荡儿 I vitelloni,27,658
1298655,玛丽娅·布劳恩的婚姻 Die Ehe der Maria Braun,27,659
1293168,礼帽 Top Hat,27,660
1962586,哈拉 Xala,27,661
1293618,航海家 The Navigator,27,662
1302770,阿基拉 Akira,27,663
1292760,贵妇失踪记 The Lady Vanishes,27,664
2278780,狂喜 Arrebato,27,665
1873535,千禧曼波,27,666
3077739,预言者 Un prophète,27,667
1293156,处女泉 Jungfrukällan,27,668
4798707,爱 Amour,27,669
1306730,钢琴教师 La pianiste,27,670
1292994,开罗紫玫瑰 The Purple Rose of Cairo,27,671
1293782,新科学怪人 Young Frankenstein,27,672
1295148,小鹿斑比 Bambi,27,673
2002721,寂静之光 Stellet licht,27,674
1303358,富城 Fat City,27,675
1293841,倒扣的王牌 Ace in the Hole,28,676
1302119,工作 Il Posto,28,677
1291575,玩具总动员 Toy Story,28,678
1291546,霸王别姬,28,679
1300756,幽灵与未亡人 The Ghost and Mrs. Muir,28,680
1298974,我心狂野 Wild at Heart,28,681
1296835,青春年少 Rushmore,28,682
1421292,夏日纪事 Chronique d'un été (Paris 1960),28,683
1440407,入侵者 L'intrus,28,684
1294791,机器战警 RoboCop,28,685
1291842,当哈利遇到莎莉 When Harry Met Sally...,28,686
1295073,悲哀和怜悯 Le chagrin et la pitié,28,687
1293936,杀手 The Killing,28,688
1292528,猜火车 Trainspotting,28,689
1429116,土狼 Hyènes,28,690
1297127,史密斯先生到华盛顿 Mr. Smith Goes to Washington,28,691
1307921,远方 Uzak,28,692
10760030,绝美之城 La grande bellezza,28,693
1300467,地方英雄 Local Hero,28,694
1419271,给我庇护 Gimme Shelter,28,695
1300892,内陆惊魂 Wake in Fright,28,696
1845260,有机体的秘密 W.R. - Misterije organizma,28,697
1418714,安娜·玛格达丽娜·巴赫的编年史 Chronik der Anna Magdalena Bach,28,698
1825702,七女人 7 Women,28,699
1297188,自由的幻影 Le fantôme de la liberté,28,700
1291562,黑暗中的舞者 Dancer in the Dark,29,701
1291992,末路狂花 Thelma & Louise,29,702
3073875,鱼缸 Fish Tank,29,703
1304665,X圣治 CURE キュア,29,704
1303245,狂欢宴 The Party,29,705
1950330,罗马 Roma,29,706
2078989,"四月三周两天 4 luni, 3 săptămâni și 2 zile",29,707
1297264,武士兰士诺 Lancelot du Lac,29,708
1302814,阿赫迈德王子历险记 Die Abenteuer des Prinzen Achmed,29,709
1291990,爱在日落黄昏时 Before Sunset,29,710
1303520,新浪潮 Nouvelle vague,29,711
1395036,推销员 Salesman,29,712
1401513,各自逃生 Sauve qui peut (la vie),29,713
1401905,圣山 La montaña sagrada,29,714
10757577,卡罗尔 Carol,29,715
1293047,郎心似铁 A Place in the Sun,29,716
3070921,饥饿 Hunger,29,717
1293556,阳光普照 The Sun Shines Bright,29,718
1298566,一夜狂欢 A Hard Day's Night,29,719
1304641,红磨坊 Moulin Rouge!,29,720
2264801,纸花 Kaagaz Ke Phool,29,721
1294761,大鸟和小鸟 Uccellacci e uccellini,29,722
1292681,黑潮 Malcolm X,29,723
1293150,宾虚 Ben-Hur,29,724
2567883,死神安东尼奥 O Dragão da Maldade contra o Santo Guerreiro,29,725
1303654,杀人短片 Krótki film o zabijaniu,30,726
2043434,大内幕 The Big Heat,30,727
1303324,求婚妙术 A New Leaf,30,728
1299628,马戏团 The Circus,30,729
1902590,这样或那样 De cierta manera,30,730
1292925,伴我同行 Stand by Me,30,731
1307580,布劳涅森林的女人们 Les dames du Bois de Boulogne,30,732
1294720,年少轻狂 Dazed and Confused,30,733
1303568,慕理小镇 Moonfleet,30,734
1421822,提提卡失序记事 Titicut Follies,30,735
1775077,爱情无计 Design for Living,30,736
1449829,玉女奇男 The Bad and the Beautiful,30,737
1296679,红胡子 赤ひげ,30,738
1293428,呐喊 Il grido,30,739
1297367,公主艳史 Love Me Tonight,30,740
1293073,变蝇人 The Fly,30,741
1303333,你妈妈也一样 Y tu mamá también,30,742
1441365,孟加拉虎 Der Tiger von Eschnapur,30,743
1292878,"纽约，纽约 New York, New York",30,744
1754975,天堂魅影 Phantom of the Paradise,30,745
6030619,噢，太阳 Soleil Ô,30,746
1308082,前进，神军！ ゆきゆきて、神軍,30,747
1300961,野孩子 L'enfant sauvage,30,748
1302252,白痴 Idioterne,30,749
1303357,纸月亮 Paper Moon,30,750
3205624,社交网络 The Social Network,31,751
1306186,意志的胜利 Triumph des Willens,31,752
1293590,欲望号街车 A Streetcar Named Desire,31,753
3024645,笔记·日志·素描 Diaries Notes and Sketches,31,754
1303080,"消防员舞会 Horí, má panenko",31,755
1303089,圣母街上的大人物 I soliti ignoti,31,756
1966826,硝烟中诞生 Born in Flames,31,757
1293276,抚养亚利桑纳 Raising Arizona,31,758
1419942,新世界 The New World,31,759
1302262,要塞风云 Fort Apache,31,760
2368758,金线 Subarnarekha,31,761
1304447,记忆碎片 Memento,31,762
1296600,绕道 Detour,31,763
1296992,洛丽塔 Lolita,31,764
1301214,不羁的美女 La belle noiseuse,31,765
1466416,热血造物 Flaming Creatures,31,766
1422193,穿制服的女孩 Mädchen in Uniform,31,767
1293076,国王迷 The Man Who Would Be King,31,768
2061897,大地的年纪 A Idade da Terra,31,769
1302108,维洛妮卡·佛丝 Die Sehnsucht der Veronika Voss,31,770
1292773,两个英国女孩与欧陆 Les deux anglaises et le continent,31,771
1296370,爱情万岁 愛情萬歲,31,772
1299228,沉沦 Ossessione,31,773
2011855,今古奇观 Hellzapoppin,31,774
1295416,无因的反叛 Rebel Without a Cause,31,775
1298063,早安 お早よう,32,776
1297550,远大前程 Great Expectations,32,777
1303554,审判 Le procès,32,778
1293305,罗马妈妈 Mamma Roma,32,779
1299482,情场现形记 Foolish Wives,32,780
1292230,刺杀肯尼迪 JFK,32,781
1304870,母与子 Мать и сын,32,782
1295600,摩洛哥 Morocco,32,783
1303600,近松物语 近松物語,32,784
1295077,美国狼人在伦敦 An American Werewolf in London,32,785
1471651,翼 Крылья,32,786
2979522,开罗车站 باب الحديد,32,787
1436690,情歌恋曲 Un chant d'amour,32,788
1304582,"厨师、大盗、他的太太和她的情人 The Cook, the Thief, His Wife & Her Lover",32,789
1298412,三十九级台阶 The 39 Steps,32,790
1292060,米勒的十字路口 Miller's Crossing,32,791
1295437,春天不是读书天 Ferris Bueller's Day Off,32,792
1292270,梦之安魂曲 Requiem for a Dream,32,793
1293846,西力传 Zelig,32,794
1293448,鬼玩人2 Evil Dead II,32,795
1307997,祝福 สุดเสน่หา,32,796
1293213,恶魔 Les Diaboliques,32,797
3040430,35杯朗姆酒 35 rhums,32,798
1303378,日烦夜烦 Trouble Every Day,32,799
1306360,"小野猫公路历险记 Faster, Pussycat! Kill! Kill!",32,800
1296949,巴黎浮世绘 Code inconnu: Récit incomplet de divers voyages,33,801
1305327,青梅竹马 青梅竹馬,33,802
1295116,西线无战事 All Quiet on the Western Front,33,803
1292065,疤面煞星 Scarface,33,804
1306548,趣味游戏 Funny Games,33,805
1928196,玛格丽特 Margaret,33,806
1303293,制片人 The Producers,33,807
1298471,恐怖走廊 Shock Corridor,33,808
1418998,梵高 Van Gogh,33,809
1300952,"崩溃边缘的女人 Mujeres al borde de un ataque de ""nervios""",33,810
1421933,禁忌的游戏 Jeux interdits,33,811
1303467,亚伯拉罕山谷 Vale Abraão,33,812
1303973,狗·星·人：序曲 Prelude: Dog Star Man,33,813
1292511,收播新闻 Broadcast News,33,814
1477717,南方 El sur,33,815
2266216,罗丝·霍巴德 Rose Hobart,33,816
1296988,巴黎一妇人 A Woman of Paris: A Drama of Fate,33,817
1872133,三峡好人,33,818
1291976,狗脸的岁月 Mitt liv som hund,33,819
1293027,受难记 Passion,33,820
1293444,巴格达妙贼 The Thief of Bagdad,33,821
1298494,夏夜的微笑 Sommarnattens leende,33,822
35225859,小妈妈 Petite maman,33,823
1296105,幸运儿 O Lucky Man!,33,824
1422951,灰熊人 Grizzly Man,33,825
1300644,早春 Deep End,34,826
1303710,裸岛 裸の島,34,827
5050316,迷失之地 Losing Ground,34,828
1292216,爱情是狗娘 Amores perros,34,829
1292370,剪刀手爱德华 Edward Scissorhands,34,830
1293312,黄巾骑兵队 She Wore a Yellow Ribbon,34,831
2968813,生人勿进 Låt den rätte komma in,34,832
1303077,电车狂 どですかでん,34,833
1296935,不可撤销 Irréversible,34,834
1304603,小飞象 Dumbo,34,835
1466788,赤线地带 赤線地帯,34,836
1305337,他人之子 Le fils,34,837
1449471,蔷薇的葬礼 薔薇の葬列,34,838
1909533,巴黎公社 La commune (Paris 1871),34,839
1294947,大逃亡 The Great Escape,34,840
1296030,天外魔花 Invasion of the Body Snatchers,34,841
1302614,奇异小子 Gummo,34,842
1962116,我在伊朗长大 Persepolis,34,843
1438652,无耻混蛋 Inglourious Basterds,34,844
1304866,女人的烦恼 Female Trouble,34,845
1301216,歼匪喋血战 White Heat,34,846
1297042,天使 Angel,34,847
1301161,惊爆点 Point Break,34,848
1855658,希特勒：一部德国的电影 Hitler - ein Film aus Deutschland,34,849
1901908,衰弱症 Астенический синдром,34,850
27087724,好莱坞往事 Once Upon a Time... in Hollywood,35,851
1303525,流浪者之歌 Дом за вешање,35,852
1295740,我的美国舅舅 Mon oncle d'Amérique,35,853
1293371,太空先锋 The Right Stuff,35,854
1295384,星河战队 Starship Troopers,35,855
10535568,阿黛尔的生活 La Vie d'Adèle,35,856
1855308,麦基与尼基 Mikey and Nicky,35,857
3012451,"太早，太迟 Trop tôt, trop tard",35,858
3442923,长夜绵绵 Toute une nuit,35,859
1293677,羞耻 Skammen,35,860
1298789,菲律宾浴血战 They Were Expendable,35,861
1294915,克莱尔的膝盖 Le genou de Claire,35,862
1303446,西西里岛 Sicilia!,35,863
1295295,独领风骚 Clueless,35,864
1547099,我的小情人 Mes petites amoureuses,35,865
1292207,铁皮鼓 Die Blechtrommel,35,866
1292849,拯救大兵瑞恩 Saving Private Ryan,35,867
1766084,间谍 Spione,35,868
1293996,上海快车 Shanghai Express,35,869
1306049,我们如此相爱 C'eravamo tanto amati,35,870
1325958,蒂凡尼的早餐 Breakfast at Tiffany's,35,871
1293439,女煞葛洛莉 Gloria,35,872
1484012,未知者 The Unknown,35,873
1303813,饲养乌鸦 Cría cuervos,35,874
2368635,边缘 Окраина,35,875
1294917,巨蟒与圣杯 Monty Python and the Holy Grail,36,876
1300570,罗宾汉历险记 The Adventures of Robin Hood,36,877
1301261,"红军与白军 Csillagosok, katonák",36,878
33413905,大西洋 Atlantique,36,879
1306505,红高粱,36,880
1293929,廊桥遗梦 The Bridges of Madison County,36,881
1477848,疯狂的爱情 L'amour fou,36,882
1300116,乱点鸳鸯谱 The Misfits,36,883
3082472,秘境里斯本 Mistérios de Lisboa,36,884
3621245,木乃伊之夜 المومياء,36,885
1418997,非洲女王号 The African Queen,36,886
1295137,灵欲春宵 Who's Afraid of Virginia Woolf?,36,887
1303419,摩根河的奇迹 The Miracle of Morgan's Creek,36,888
1299112,梦 夢,36,889
1316580,春夏秋冬又一春 봄 여름 가을 겨울 그리고 봄,36,890
1306027,史楚锡流浪记 Stroszek,36,891
2268557,四季 Времена года,36,892
1296563,隔墙花 La femme d'à côté,36,893
1292785,空前绝后满天飞 Airplane!,36,894
1303466,亲爱的日记 Caro diario,36,895
1297320,艳舞女郎 Showgirls,36,896
1299485,朱丽叶与魔鬼 Giulietta degli spiriti,36,897
1295834,极度空间 They Live,36,898
1293623,扎布里斯基角 Zabriskie Point,36,899
1304347,饶舌 Tongues Untied,36,900
1292520,色情酒店 Exotica,37,901
1292669,血溅十三号警署 Assault on Precinct 13,37,902
1299898,夜深血红 Profondo rosso,37,903
1303412,礼物 It's a Gift,37,904
2135352,终点旅店 Hôtel Terminus,37,905
1427359,故乡 Heimat - Eine Chronik in elf Teilen,37,906
1465471,幽灵马车 Körkarlen,37,907
3047754,温蒂和露西 Wendy and Lucy,37,908
1303456,河流,37,909
1416910,雾码头 Le quai des brumes,37,910
1437408,犯罪生涯 Ensayo de un crimen,37,911
1306069,小早川家之秋 小早川家の秋,37,912
4067195,米克的近路 Meek's Cutoff,37,913
1981967,福利 Welfare,37,914
1302911,沙漠中的西蒙 Simón del desierto,37,915
10438585,禁忌 Tabu,37,916
1962587,外来人 Ceddo,37,917
1293177,桃色血案 Anatomy of a Murder,37,918
1316522,一个美国人在巴黎 An American in Paris,37,919
1305431,恶魔之夜 Night of the Demon,37,920
1292889,基督最后的诱惑 The Last Temptation of Christ,37,921
1722722,佐恩引理 Zorn's Lemma,37,922
21323277,幻梦墓园 รักที่ขอนแก่น,37,923
1299716,源泉 The Fountainhead,37,924
1293839,罗马假日 Roman Holiday,37,925
1940179,星期天的人们 Menschen am Sonntag,38,926
1296339,爱在黎明破晓前 Before Sunrise,38,927
1296519,喋血双雄 喋血雙雄,38,928
1308755,僵尸肖恩 Shaun of the Dead,38,929
1292891,烽火赤焰万里情 Reds,38,930
1300790,第七天堂 7th Heaven,38,931
1306218,屠夫 Le boucher,38,932
1302399,血尸夜 Near Dark,38,933
1302542,血迷宫 Blood Simple,38,934
1422917,暴力史 A History of Violence,38,935
1292985,七美人 Pasqualino Settebellezze,38,936
1292509,珍妮的画像 Portrait of Jennie,38,937
1424334,洞 Le trou,38,938
1463715,飞蛾之光 Mothlight,38,939
1979027,安逸人生 Il Sorpasso,38,940
1300106,美国风情画 American Graffiti,38,941
1293045,肮脏的哈里 Dirty Harry,38,942
1921860,大象 Elephant,38,943
2978169,从云端到反抗 Dalla nube alla resistenza,38,944
1427865,赤裸童年 L'enfance nue,38,945
1292330,恋恋风尘 戀戀風塵,38,946
1306486,母狗 La Chienne,38,947
1291552,指环王3：王者无敌 The Lord of the Rings: The Return of the King,38,948
2142191,"赫鲁斯塔廖夫，开车！ Хрусталёв, машину!",38,949
3828369,"日记 1973-1983 יומן, 1973-1983",38,950
1293172,末代皇帝 The Last Emperor,39,951
1308074,回归 Возвращение,39,952
1300930,冰风暴 The Ice Storm,39,953
1298366,斯巴达克斯 Spartacus,39,954
1292062,美国丽人 American Beauty,39,955
1297548,黑暗时代 Excalibur,39,956
3118188,甜蜜的梦魇 Mababangong Bangungot,39,957
1296289,奥赛罗 Othello,39,958
2028645,拆弹部队 The Hurt Locker,39,959
1293698,铁窗喋血 Cool Hand Luke,39,960
1652587,阿凡达 Avatar,39,961
3012443,被咒之爱 Amor de Perdição,39,962
1433496,决斗 Duel,39,963
1295644,这个杀手不太冷 Léon,39,964
1299026,焦点新闻 Z,39,965
1825703,碧海青天夜夜心 The Tarnished Angels,39,966
1297424,奥林匹亚1：民族的节日 Olympia 1. Teil - Fest der Völker,39,967
1300957,小丑之夜 Gycklarnas afton,39,968
1297016,枪疯 Gun Crazy,39,969
1299857,漫长的告别 Долгие проводы,39,970
1294860,阳光下的决斗 Duel in the Sun,39,971
1293760,捉鬼敢死队 Ghostbusters,39,972
2155524,真心的苏西 True Heart Susie,39,973
1292646,情枭的黎明 Carlito's Way,39,974
1301230,夺魂索 Rope,39,975
1434232,"我是一个黑人 Moi, un noir",40,976
1295728,早餐俱乐部 The Breakfast Club,40,977
1771234,疯狂的一页 狂った一頁,40,978
1437326,狐及其友 Faustrecht der Freiheit,40,979
1303247,午后枪声 Ride the High Country,40,980
1296736,钢琴家 The Pianist,40,981
1292937,特殊任务 The Last Detail,40,982
1299536,不良少女莫妮卡 Sommaren med Monika,40,983
1848297,鲁莽时刻 The Reckless Moment,40,984
1763134,汉江怪物 괴물,40,985
1963079,安纳塔汉 Anatahan,40,986
1436858,衣冠禽兽 La bête humaine,40,987
1294654,一千零一夜 Il fiore delle mille e una notte,40,988
1394342,通往绞刑架的电梯 Ascenseur pour l'échafaud,40,989
1850440,没有和解 Nicht versöhnt oder Es hilft nur Gewalt wo Gewalt herrscht,40,990
1303083,怪谈 怪談,40,991
1306028,浪子春潮 Saturday Night and Sunday Morning,40,992
1301978,吉尔达 Gilda,40,993
10552811,汉兹沃思的歌 Handsworth Songs,40,994
2344919,怒焰骄阳 Sholay,40,995
1293683,艾德·伍德 Ed Wood,40,996
1298736,甜妹妹 Sweetie,40,997
1294240,教父3 The Godfather: Part III,40,998
1429053,第二号 Numéro deux,40,999
